<?xml version="1.0" encoding="UTF-8"?>

<Database>
  <Setting type="32">
    <Driver></Driver>
    <DriverFiles></DriverFiles>
    <Dialect></Dialect>
    <DriverClass></DriverClass>
    <URL></URL>
    <UserName></UserName>
    <Password></Password>
    <HostName></HostName>
    <PortNO></PortNO>
    <DBName></DBName>
    <ServiceName></ServiceName>
    <ServerName></ServerName>
    <SelectedForm>true</SelectedForm>
  </Setting>
  <Setting type="2">
    <Driver>MySQL5 (Connector/J Driver)</Driver>
    <DriverFiles>C:\Users\guyzi\Desktop\Bullshit\mysql-connector-java-3.1.11-bin.jar</DriverFiles>
    <Dialect>org.hibernate.dialect.MySQL5InnoDBDialect</Dialect>
    <DriverClass>com.mysql.jdbc.Driver</DriverClass>
    <URL>jdbc:mysql://localhost:3306/i-book</URL>
    <UserName>root</UserName>
    <Password>Braude</Password>
    <HostName>localhost</HostName>
    <PortNO>3306</PortNO>
    <DBName>i-book</DBName>
    <ServiceName></ServiceName>
    <ServerName></ServerName>
    <SelectedForm>true</SelectedForm>
  </Setting>
</Database>
