<?xml version="1.0" encoding="utf-8" ?>
<!--
Licensee: Ort Braude College
License Type: Academic
-->
<!DOCTYPE hibernate-mapping PUBLIC "-//Hibernate/Hibernate Mapping DTD 3.0//EN" "http://www.hibernate.org/dtd/hibernate-mapping-3.0.dtd">
<hibernate-mapping>
	<class name="i_book.Keyword" table="Keyword" lazy="false">
		<id name="ID" column="ID" type="integer" unsaved-value="0">
			<generator class="native">
			</generator>
		</id>
		<property name="word" column="Word" type="string" length="255" not-null="false" lazy="false"/>
		<set name="ORM_Book" table="Keyword_Book" lazy="true" cascade="save-update,lock">
			<key column="KeywordID" not-null="true"/>
			<many-to-many column="BookID" class="i_book.Book">
			</many-to-many>
		</set>
	</class>
</hibernate-mapping>
