<?xml version="1.0" encoding="utf-8" ?>
<!--
Licensee: Ort Braude College
License Type: Academic
-->
<!DOCTYPE hibernate-mapping PUBLIC "-//Hibernate/Hibernate Mapping DTD 3.0//EN" "http://www.hibernate.org/dtd/hibernate-mapping-3.0.dtd">
<hibernate-mapping>
	<class name="i_book.Membership" table="Membership" lazy="false">
		<id name="ID" column="ID" type="integer" unsaved-value="0">
			<generator class="native">
			</generator>
		</id>
		<property name="type" column="Type" type="string" length="255" not-null="false" lazy="false"/>
		<property name="price" column="Price" type="float" not-null="true" lazy="false"/>
		<set name="ORM_User_Memberships" lazy="true" cascade="save-update,lock" inverse="true">
			<key column="MembershipID" not-null="true"/>
			<one-to-many class="i_book.User_Membership"/>
		</set>
	</class>
</hibernate-mapping>
